country,code,time,total_shares,float_shares,total_market_cap,float_market_cap,adj_factor,turnover_rate
US,01519,2023-10-27,78.32832,78.32832,939.9394,761.35127,1.0,0.0026814948922688495
US,01519,2023-10-30,78.32832,78.32832,1879.878,761.35127,1.0,0.0006235548011242931
US,01519,2023-10-31,156.6566,78.32832,1857.9457,752.468839,1.0,0.00017762417925577345
US,01519,2023-11-01,156.6566,78.32832,1879.8782,761.35127,1.0,0.00018718649581313522
US,01519,2023-11-02,156.6566,78.32832,1970.7394,798.149915,1.0,0.00034439659739838604
US,01519,2023-11-03,156.6566,78.32832,1942.5407,786.729646,1.0,0.00028388207072028884
US,01519,2023-11-06,156.6566,78.32832,1942.5407,786.729646,1.0,0.00029496363383349315
US,01519,2023-11-07,156.6566,78.32832,1939.4069,785.460791,1.0,0.0002885802449433985
US,01519,2023-11-08,156.6566,78.32832,1926.8757,780.385116,1.0,0.00029372525638881474
US,01519,2023-11-09,156.6566,78.32832,1901.8107,770.233765,1.0,0.0002905973958326684
US,01519,2023-11-10,156.6566,78.32832,1879.8782,761.35127,1.0,0.00033683866495251395
US,01519,2023-11-13,156.6566,78.32832,1879.8782,761.35127,1.0,0.0004100178351885589
US,01519,2023-11-14,156.6566,78.32832,1879.8782,761.35127,1.0,0.0007301830883601457
US,01519,2023-11-15,156.6566,78.32832,1879.8782,761.35127,1.0,0.0009583637076254687
US,01519,2023-11-16,156.6566,78.32832,1879.8782,761.35127,1.0,0.0007773818658135055
US,01519,2023-11-17,156.6566,78.32832,1817.2157,735.972958,1.0,0.0003608912742903906
US,01519,2023-11-20,156.6566,78.32832,1810.9494,733.435121,1.0,0.00019909789948205182
US,01519,2023-11-21,156.6566,78.32832,1785.8844,723.283707,1.0,0.0001319574151360364
US,01519,2023-11-22,156.6566,78.32832,1807.8157,732.166138,1.0,0.00015118418247300145
US,01519,2023-11-23,156.6566,78.32832,1873.6119,758.813496,1.0,0.0002849800136093851
US,01519,2023-11-24,156.6566,78.32832,1889.2769,765.15809,1.0,0.0001930719803698025
US,01519,2023-11-27,156.6566,78.32832,1857.9457,752.468839,1.0,0.00014182613436012273
US,01519,2023-11-28,156.6566,78.32832,1842.2807,746.124308,1.0,0.00015735053614083288
US,01519,2023-11-29,156.6566,78.32832,1876.7444,760.082352,1.0,0.00017902852481159427
US,01519,2023-11-30,156.6566,78.32832,2005.2032,812.108085,1.0,0.00032420593833901667
US,01519,2023-12-01,156.6566,78.32832,2190.0582,886.97423,1.0,0.0003992043744087386
US,01519,2023-12-04,156.6566,78.32832,2067.8657,837.486397,1.0,0.00028683119638751257
US,01519,2023-12-05,156.6566,78.32832,2045.9344,828.604029,1.0,0.00028658862760968894
US,01519,2023-12-06,156.6566,78.32832,2033.4019,823.528291,1.0,0.00028657586083190875
US,01519,2023-12-07,156.6566,78.32832,2052.2007,831.141867,1.0,0.0002975042864456397
US,01519,2023-12-08,156.6566,78.32832,2055.3332,832.410722,1.0,0.00020919642070618154
US,01519,2023-12-11,156.6566,78.32832,2096.0644,848.90673,1.0,0.00029278051483308076
US,01519,2023-12-12,156.6566,78.32832,2193.1919,888.243149,1.0,0.0003106412369475656
US,01519,2023-12-13,156.6566,78.32832,2230.7882,903.470174,1.0,0.00033426615922980583
US,01519,2023-12-14,156.6566,78.32832,2049.0669,829.872885,1.0,0.00035010334706613066
US,01519,2023-12-15,156.6566,78.32832,2152.4607,871.747205,1.0,0.0003947902609912382
US,01519,2023-12-18,156.6566,78.32832,2130.5294,862.864837,1.0,0.00015164378647308826
US,01519,2023-12-19,156.6566,78.32832,2177.5257,881.898555,1.0,0.00016179337480833874
US,01519,2023-12-20,156.6566,78.32832,2255.8532,913.621524,1.0,0.00018528424592388702
US,01519,2023-12-21,156.6566,78.32832,2349.8482,951.689088,1.0,0.00027658585721891064
US,01519,2023-12-22,156.6566,78.32832,2327.9157,942.806657,1.0,0.0001665936832536899
US,01519,2023-12-27,156.6566,78.32832,2368.6469,959.302601,1.0,0.0001820734013121694
US,01519,2023-12-28,156.6566,78.32832,2475.1732,1002.445903,1.0,0.00020114058392688212
US,01519,2023-12-29,156.6566,78.32832,2478.3069,1003.714758,1.0,0.00029274859788863027
US,01519,2024-01-02,156.6566,78.32832,2440.7082,988.487733,1.0,0.0003019470612792567
US,01519,2024-01-03,156.6566,78.32832,2522.1719,1021.480065,1.0,0.00030081330757848697
US,01519,2024-01-04,156.6566,78.32832,2562.9007,1037.975629,1.0,0.0003041429470574492
US,01519,2024-01-05,156.6566,78.32832,2337.3157,946.613476,1.0,0.0003249272612835974
US,01519,2024-01-08,156.6566,78.32832,2393.7119,969.453951,1.0,0.00019433589137004122
US,01519,2024-01-09,156.6566,78.32832,2450.1082,992.294553,1.0,0.0002920272749440496
US,01519,2024-01-10,156.6566,78.32832,2428.1769,983.412058,1.0,0.00011928000480030845
US,01519,2024-01-11,156.6566,78.32832,2459.5069,996.101245,1.0,0.00013941321335966694
US,01519,2024-01-12,156.6566,78.32832,2512.7694,1017.672484,1.0,0.00015122248280634204
US,01519,2024-01-15,156.6566,78.32832,2472.0407,1001.176921,1.0,0.00012205039557860951
US,01519,2024-01-16,156.6566,78.32832,2478.3069,1003.714758,1.0,0.00011975875896706555
US,01519,2024-01-17,156.6566,78.32832,2428.1769,983.412058,1.0,0.0001018278195747897
US,01519,2024-01-18,156.6566,78.32832,2547.2344,1031.630654,1.0,0.0002888100469434419
US,01519,2024-01-19,156.6566,78.32832,2412.5107,977.067464,1.0,0.00013084670546915992
US,01519,2024-01-22,156.6566,78.32832,2440.7082,988.487733,1.0,0.0002856949531650757
US,01519,2024-01-23,156.6566,78.32832,2493.9719,1010.059416,1.0,0.00029159320449952315
US,01519,2024-01-24,156.6566,78.32832,2497.1057,1011.328271,1.0,0.0001984212602597018
US,01519,2024-01-25,156.6566,78.32832,2566.0344,1039.244801,1.0,0.00030175555961255385
US,01519,2024-01-26,156.6566,78.32832,2440.7082,988.487733,1.0,0.0002857587870539767
US,01519,2024-01-29,156.6566,78.32832,2519.0369,1020.210829,1.0,0.0002884525771655966
US,01519,2024-01-30,156.6566,78.32832,2525.3019,1022.748286,1.0,0.0002841757066092332
US,01519,2024-01-31,156.6566,78.32832,2415.6432,978.336446,1.0,0.00015469504636255352
US,01519,2024-02-01,156.6566,78.32832,2468.9069,999.908065,1.0,0.0002842523072759143
US,01519,2024-02-02,156.6566,78.32832,2077.2657,841.293217,1.0,0.00017852832245816646
US,01519,2024-02-05,156.6566,78.32832,2208.8569,894.587806,1.0,0.0001353150776922262
US,01519,2024-02-06,156.6566,78.32832,2227.6557,902.201319,1.0,0.0002887079127212004
US,01519,2024-02-07,156.6566,78.32832,2349.8482,951.689088,1.0,0.0003411793693977783
US,01519,2024-02-08,156.6566,78.32832,2111.7307,855.25126,1.0,0.000193174114592044
US,01519,2024-02-09,156.6566,78.32832,2208.8569,894.587806,1.0,0.00015618875936283566
US,01519,2024-02-14,156.6566,78.32832,2149.3269,870.478349,1.0,0.00011334345313252043
US,01519,2024-02-15,156.6566,78.32832,2155.5944,873.016187,1.0,0.0001220759291341699
US,01519,2024-02-16,156.6566,78.32832,1886.1444,763.889108,1.0,0.0004815883914243
US,01519,2024-02-19,156.6566,78.32832,1839.1469,744.855326,1.0,0.00028204365471994156
US,01519,2024-02-20,156.6566,78.32832,1673.0907,677.602694,1.0,0.00028351183416466336
US,01519,2024-02-21,156.6566,78.32832,1698.1557,687.754044,1.0,0.00031110084094765236
US,01519,2024-02-22,156.6566,78.32832,1738.8869,704.249989,1.0,0.0002914017028328203
US,01519,2024-02-23,156.6566,78.32832,1845.4144,747.393164,1.0,0.00034956714239936266
US,01519,2024-02-26,156.6566,78.32832,1795.2832,727.090527,1.0,0.0002997767090566245
US,01519,2024-02-27,156.6566,78.32832,1832.8807,742.317489,1.0,0.0002759411349410111
US,01519,2024-02-28,156.6566,78.32832,1861.0794,753.737821,1.0,0.0002886440788322994
US,01519,2024-02-29,156.6566,78.32832,1879.8782,761.35127,1.0,0.0002639020634942926
US,01519,2024-03-01,156.6566,78.32832,1870.4794,813.658922,1.0,0.00024267091204583784
US,01519,2024-03-04,156.6566,78.32832,1804.6832,785.037823,1.0,0.00028586092127621816
US,01519,2024-03-05,156.6566,78.32832,1801.5494,783.674842,1.0,0.00018896107792458152
US,01519,2024-03-06,156.6566,78.32832,1854.8132,806.844427,1.0,0.00031138171005881655
US,01519,2024-03-07,156.6566,78.32832,1892.4107,823.199312,1.0,0.0002997639422788443
US,01519,2024-03-08,156.6566,78.32832,1879.8782,817.747661,1.0,0.00023458954171097802
US,01519,2024-03-11,156.6566,78.32832,1876.7444,816.384748,1.0,0.00030127042205690664
US,01519,2024-03-12,156.6566,78.32832,1926.8757,838.19142,1.0,0.00030508768861318324
US,01519,2024-03-13,156.6566,78.32832,1767.0857,768.682801,1.0,0.0002148393364850252
US,01519,2024-03-14,156.6566,78.32832,1789.0169,778.223259,1.0,0.0002890270821657051
US,01519,2024-03-15,156.6566,78.32832,1789.0169,778.223259,1.0,0.0003004788818345349
US,01519,2024-03-18,156.6566,78.32832,1754.5519,763.23115,1.0,0.0002863971259429861
US,01519,2024-03-19,156.6566,78.32832,1695.0232,737.335807,1.0,0.00011184974013223829
US,01519,2024-03-20,156.6566,78.32832,1738.8869,756.416654,1.0,0.0003273912493951739
US,01519,2024-03-21,156.6566,78.32832,1770.2182,770.045782,1.0,0.00018573108314619364
US,01519,2024-03-22,156.6566,78.32832,1789.0169,778.223259,1.0,0.00013468950558099692
US,01519,2024-03-25,156.6566,78.32832,1767.0857,768.682801,1.0,0.0002963552126115338
US,01519,2024-03-26,156.6566,78.32832,1713.8219,745.513284,1.0,5.765476845533479e-05
US,01519,2024-03-27,156.6566,78.32832,1707.5557,742.787459,1.0,0.0003036961098351426
US,01519,2024-03-28,156.6566,78.32832,1641.7594,714.16629,1.0,6.126776656712836e-05
US,01519,2024-04-02,156.6566,78.32832,1638.6269,712.803446,1.0,0.00032009503589379575
US,01519,2024-04-03,156.6566,78.32832,1575.9644,685.54519,1.0,0.0010225167659709197
US,01519,2024-04-05,156.6566,78.32832,1566.5644,681.456384,1.0,7.87199517926471e-05
US,01519,2024-04-08,156.6566,78.32832,1569.6982,682.819365,1.0,0.00011501590102172523
US,01519,2024-04-09,156.6566,78.32832,1723.2207,749.602022,1.0,0.00031258178717015434
US,01519,2024-04-10,156.6566,78.32832,1644.8932,715.529203,1.0,0.0009551592464026412
US,01519,2024-04-11,156.6566,78.32832,1613.5619,701.900144,1.0,0.0001622019116973048
US,01519,2024-04-12,156.6566,78.32832,1669.9582,726.432505,1.0,0.00029422316072224213
US,01519,2024-04-15,156.6566,78.32832,1450.6394,631.028632,1.0,0.0003215440651718472
US,01519,2024-04-16,156.6566,78.32832,1422.4407,618.762397,1.0,0.00015371200447347893
US,01519,2024-04-17,156.6566,78.32832,1303.3819,566.971691,1.0,0.0015850720620771803
US,01519,2024-04-18,156.6566,78.32832,1210.955,526.765758,1.0,0.00043558969108227805
US,01519,2024-04-19,156.6566,78.32832,1179.6238,513.136644,1.0,0.00031784297629337035
US,01519,2024-04-22,156.6566,78.32832,1142.0257,496.781704,1.0,0.0004562846378639649
US,01519,2024-04-23,156.6566,78.32832,1082.4963,470.886355,1.0,0.0007024791805771349
US,01519,2024-04-24,156.6566,78.32832,1096.5957,477.019469,1.0,0.0013813398222609198
US,01519,2024-04-25,156.6566,78.32832,1135.7594,494.055878,1.0,0.0007131266732458128
US,01519,2024-04-26,156.6566,78.32832,997.9025,434.08771,1.0,0.0009532952968467336
US,01519,2024-04-29,156.6566,78.32832,966.57,420.458596,1.0,0.0038664503123392183
US,01519,2024-04-30,156.6566,78.32832,939.93875,408.87383,1.0,0.0006120520935600543
US,01519,2024-05-02,156.6566,78.32832,1046.465,455.212892,1.0,0.0015478932263307131
US,01519,2024-05-03,156.6566,78.32832,1074.6638,467.479059,1.0,0.0013264892765450036
US,01519,2024-05-06,156.6566,78.32832,1132.6263,492.692938,1.0,0.001049441900309339
US,01519,2024-05-07,156.6566,78.32832,1093.4625,475.656529,1.0,0.00024387098915717564
US,01519,2024-05-08,156.6566,78.32832,1148.2925,499.507529,1.0,0.0003452902718429993
US,01519,2024-05-09,156.6566,78.32832,1195.2894,519.951235,1.0,0.0006651108220145209
US,01519,2024-05-10,156.6566,78.32832,1240.7194,539.713463,1.0,0.000784907881314927
US,01519,2024-05-13,156.6566,78.32832,1254.8188,545.846584,1.0,0.0006507609637895882
US,01519,2024-05-14,156.6566,78.32832,1328.4457,577.874986,1.0,0.0017918747119495763
US,01519,2024-05-16,156.6566,78.32832,1293.9832,562.882994,1.0,0.0008199335361548764
US,01519,2024-05-17,156.6566,78.32832,1278.3169,556.068403,1.0,0.0007188555094391171
US,01519,2024-05-20,156.6566,78.32832,1308.0825,569.016108,1.0,0.0005142330422082441
US,01519,2024-05-21,156.6566,78.32832,1322.1807,575.149161,1.0,0.0006799713513506613
US,01519,2024-05-22,156.6566,78.32832,1325.3132,576.512108,1.0,0.00048064569255301085
US,01519,2024-05-23,156.6566,78.32832,1278.3169,556.068403,1.0,0.0005618914236616906
US,01519,2024-05-24,156.6566,78.32832,1298.6832,564.927342,1.0,0.0008867122738524901
US,01519,2024-05-27,156.6566,78.32832,1268.9182,551.979698,1.0,0.00151692300228653
US,01519,2024-05-28,156.6566,78.32832,1308.0825,569.016108,1.0,0.0011850250803349491
US,01519,2024-05-29,156.6566,78.32832,1221.9207,531.535993,1.0,0.004851350022916366
US,01519,2024-05-30,156.6566,78.32832,1207.8213,525.402879,1.0,0.001198302529226346
US,01519,2024-05-31,156.6566,78.32832,1195.2894,519.951235,1.0,0.0007107520525786976
US,01519,2024-06-03,156.6566,78.32832,1242.2857,540.39494,1.0,0.0007130500725791316
US,01519,2024-06-04,156.6566,78.32832,1261.085,548.572403,1.0,0.0008475608432712059
US,01519,2024-06-05,156.6566,78.32832,1250.1188,543.802167,1.0,0.0004888016208701069
US,01519,2024-06-06,156.6566,78.32832,1250.1188,543.802167,1.0,0.0006245380022290794
US,01519,2024-06-07,156.6566,78.32832,1256.385,546.528054,1.0,0.0007890782769446037
US,01519,2024-06-11,156.6566,78.32832,1199.9888,521.995583,1.0,0.0004929125233153279
US,01519,2024-06-12,156.6566,78.32832,1243.8532,541.076342,1.0,0.0007848887311482567
US,01519,2024-06-13,156.6566,78.32832,1253.2525,545.165107,1.0,0.0011657695877479786
US,01519,2024-06-14,156.6566,78.32832,1253.2525,545.165107,1.0,0.0007378686885838197
US,01519,2024-06-17,156.6566,78.32832,1304.9488,567.653168,1.0,0.0012268618111206295
US,01519,2024-06-18,156.6566,78.32832,1344.1132,584.689577,1.0,0.0021573121081397144
US,01519,2024-06-19,156.6566,78.32832,1370.7444,596.274336,1.0,0.0010239184943372957
US,01519,2024-06-20,156.6566,78.32832,1300.2494,565.608812,1.0,0.00204436965949727
US,01519,2024-06-21,156.6566,78.32832,1304.9488,567.653168,1.0,0.016680928221345287
US,01519,2024-06-24,156.6566,78.32832,1168.6582,508.366469,1.0,0.008056240528646735
US,01519,2024-06-25,156.6566,78.32832,1140.4594,496.100234,1.0,0.0008338110236019421
US,01519,2024-06-26,156.6566,78.32832,1140.4594,496.100234,1.0,0.00030401553461520295
US,01519,2024-06-27,156.6566,78.32832,1131.06,492.01153,1.0,0.0007358808374495553
US,01519,2024-06-28,156.6566,78.32832,1116.9607,485.878415,1.0,0.0004484203027513683
US,01519,2024-07-02,156.6566,78.32832,1127.9263,490.64859,1.0,0.00018642578735910266
US,01519,2024-07-03,156.6566,78.32832,1170.2244,509.047939,1.0,0.0006229804553398963
US,01519,2024-07-04,156.6566,78.32832,1176.49,511.773765,1.0,0.00014026858747093963
US,01519,2024-07-05,156.6566,78.32832,1160.825,504.959174,1.0,0.00010009153779668396
US,01519,2024-07-08,156.6566,78.32832,1107.5613,481.789643,1.0,0.0003525421846254802
US,01519,2024-07-09,156.6566,78.32832,1140.4594,496.100234,1.0,0.0003265634515239064
US,01519,2024-07-10,156.6566,78.32832,1127.9263,490.64859,1.0,0.00012164313536742148
US,01519,2024-07-11,156.6566,78.32832,1149.8588,500.188999,1.0,0.00025878258560443673
US,01519,2024-07-12,156.6566,78.32832,1115.3944,485.196939,1.0,0.0002512629534919052
US,01519,2024-07-15,156.6566,78.32832,1098.1625,477.700946,1.0,0.00012529315713477758
US,01519,2024-07-16,156.6566,78.32832,1102.8613,479.745294,1.0,0.0002545373766569682
US,01519,2024-07-17,156.6566,78.32832,1096.5957,477.019469,1.0,9.573806657363941e-05
US,01519,2024-07-18,156.6566,78.32832,1091.8957,474.97512,1.0,0.0006702558334599372
US,01519,2024-07-19,156.6566,78.32832,1062.1307,462.027415,1.0,0.00020927302137286268
US,01519,2024-07-22,156.6566,78.32832,1071.53,466.11618,1.0,7.426434634736105e-05
US,01519,2024-07-23,156.6566,78.32832,1007.3007,438.176482,1.0,0.0008920530638351655
US,01519,2024-07-24,156.6566,78.32832,972.83688,423.184421,1.0,0.0004730461404115754
US,01519,2024-07-25,156.6566,78.32832,986.93563,429.317536,1.0,0.00017576022969986583
US,01519,2024-07-26,156.6566,78.32832,983.80313,427.954596,1.0,0.00012392711191229735
US,01519,2024-07-29,156.6566,78.32832,954.03813,415.006951,1.0,0.00037295587929266945
US,01519,2024-07-30,156.6566,78.32832,933.67313,406.148012,1.0,0.0003088028209472183
US,01519,2024-07-31,156.6566,78.32832,963.4375,419.095656,1.0,0.0002652234249945422
US,01519,2024-08-01,156.6566,78.32832,961.87063,418.414247,1.0,0.00022025187575882535
US,01519,2024-08-02,156.6566,78.32832,965.00375,419.777126,1.0,0.00019808932403741686
US,01519,2024-08-05,156.6566,78.32832,935.23938,406.829482,1.0,0.0002544929482702931
US,01519,2024-08-06,156.6566,78.32832,949.33813,412.962603,1.0,0.00010716433268690882
US,01519,2024-08-07,156.6566,78.32832,954.03813,415.006951,1.0,9.933536154876335e-05
US,01519,2024-08-08,156.6566,78.32832,958.73813,417.0513,1.0,0.0002939678251666384
US,01519,2024-08-09,156.6566,78.32832,977.53625,425.22877,1.0,0.0002118646772622411
US,01519,2024-08-12,156.6566,78.32832,1019.8338,443.628126,1.0,0.00024154743560118118
US,01519,2024-08-13,156.6566,78.32832,1038.6332,451.805596,1.0,0.00022931686248775984
US,01519,2024-08-14,156.6566,78.32832,1071.53,466.11618,1.0,0.0005318384287671251
US,01519,2024-08-15,156.6566,78.32832,1068.3975,464.753233,1.0,0.0002549092728937051
US,01519,2024-08-16,156.6566,78.32832,1066.8307,464.071832,1.0,0.0013005771860234423
US,01519,2024-08-19,156.6566,78.32832,1132.6263,492.692938,1.0,0.002540037827962563
US,01519,2024-08-20,156.6566,78.32832,1065.2644,463.390355,1.0,0.0018102269550085985
US,01519,2024-08-21,156.6566,78.32832,1052.7319,457.93871,1.0,0.0007078835491131557
US,01519,2024-08-22,156.6566,78.32832,1033.9332,449.761241,1.0,0.0005423199533246604
US,01519,2024-08-23,156.6566,78.32832,977.53625,425.22877,1.0,0.0007632618095886161
US,01519,2024-08-26,156.6566,78.32832,996.335,433.40624,1.0,0.000433495939526327
US,01519,2024-08-27,156.6566,78.32832,1018.2675,442.94665,1.0,0.0004261362113054924
US,01519,2024-08-28,157.5165,79.1882496,968.72563,423.696709,1.0,0.0005590652407842988
US,01519,2024-08-29,157.5165,79.1882496,945.09875,413.362663,1.0,0.0009069399078826662
US,01519,2024-08-30,157.5165,79.1882496,951.39938,416.118414,1.0,0.0007297637390368628
US,01519,2024-09-02,157.5165,79.1882496,956.125,418.185207,1.0,0.0005723336920259147
US,01519,2024-09-03,157.5165,79.1882496,1003.38,438.853354,1.0,0.001099478467335168
US,01519,2024-09-04,157.5165,79.1882496,990.77875,433.341858,1.0,0.0005789996603530424
US,01519,2024-09-05,157.5165,79.1882496,998.65438,436.786561,1.0,0.0009937244669606042
US,01519,2024-09-09,157.5165,79.1882496,924.62188,404.406465,1.0,0.004758257071481401
US,01519,2024-09-10,157.5165,79.1882496,912.02,398.89497,1.0,0.00211638158542121
US,01519,2024-09-11,157.5165,79.1882496,882.09188,385.80518,1.0,0.0008065120162014773
US,01519,2024-09-12,157.5165,79.1882496,921.47125,403.028624,1.0,0.0005579478975218469
US,01519,2024-09-13,157.5165,79.1882496,904.14438,395.450267,1.0,0.0002907250986404599
US,01519,2024-09-16,157.5165,79.1882496,845.86375,369.959576,1.0,0.0005486917243590354
US,01519,2024-09-17,157.5165,79.1882496,833.2625,364.448081,1.0,0.0006359333784079763
US,01519,2024-09-19,157.5165,79.1882496,883.6675,386.494069,1.0,0.0008243580831214508
US,01519,2024-09-20,157.5165,79.1882496,908.87,397.517129,1.0,0.0009934799211511174
US,01519,2024-09-23,157.5165,79.1882496,877.36625,383.738318,1.0,0.0007121920560703164
US,01519,2024-09-24,157.5165,79.1882496,954.55,417.496324,1.0,0.0019369272425428447
US,01519,2024-09-25,157.5165,79.1882496,992.35375,434.03081,1.0,0.0015928726196938099
US,01519,2024-09-26,157.5165,79.1882496,1023.8569,447.809551,1.0,0.002220338821647256
US,01519,2024-09-27,157.5165,79.1882496,1085.2882,474.678152,1.0,0.0025592747426460083
US,01519,2024-09-30,157.5165,79.1882496,1105.7657,483.63435,1.0,0.0028633317779407238
US,01519,2024-10-02,157.5165,79.1882496,1115.2169,487.767942,1.0,0.0022636004482070133
US,01519,2024-10-03,157.5165,79.1882496,1063.2363,465.032996,1.0,0.0013590637171343955
US,01519,2024-10-04,157.5165,79.1882496,1086.8632,475.367042,1.0,0.001462151584119759
US,01519,2024-10-07,157.5165,79.1882496,1071.1119,468.477698,1.0,0.0018491894499941277
US,01519,2024-10-08,157.5165,79.1882496,1006.53,440.231264,1.0,0.0037089675049915404
US,01519,2024-10-09,157.5165,79.1882496,1000.2288,437.475512,1.0,0.0012656479797354563
US,01519,2024-10-10,157.5165,79.1882496,1012.8307,442.987015,1.0,0.0008790317204864252
US,01519,2024-10-14,157.5165,79.1882496,987.62813,431.964017,1.0,0.0006884548602844781
US,01519,2024-10-15,157.5165,79.1882496,959.275,419.563117,1.0,0.0011559296962540431
US,01519,2024-10-16,157.5165,79.1882496,975.02625,426.452453,1.0,0.0005750508676868772
US,01519,2024-10-17,157.5165,79.1882496,943.52313,412.673711,1.0,0.0005586763291464704
US,01519,2024-10-18,157.5165,79.1882496,981.3275,429.208204,1.0,0.0006986950573431989
US,01519,2024-10-21,157.5165,79.1882496,954.55,417.496324,1.0,0.0007750589938196951
US,01519,2024-10-22,157.5165,79.1882496,954.55,417.496324,1.0,0.00039764723060758717
US,01519,2024-10-23,157.5165,79.1882496,945.09875,413.362663,1.0,0.0008598718229518812
US,01519,2024-10-24,157.5165,79.1882496,921.47125,403.028624,1.0,0.0005344847047769599
US,01519,2024-10-25,157.5165,79.1882496,940.37313,411.29587,1.0,0.0006943907463662537
US,01519,2024-10-28,157.5165,79.1882496,932.49688,407.851168,1.0,0.0008277862954039736
US,01519,2024-10-29,157.5165,79.1882496,932.49688,407.851168,1.0,0.0005837991575485743
US,01519,2024-10-30,157.5165,79.1882496,940.37313,411.29587,1.0,0.0012245453650887366
US,01519,2024-10-31,157.4943,79.16601282,968.58875,423.577731,1.0,0.0008785324294276046
US,01519,2024-11-01,157.4818,79.15350282,985.83563,431.085828,1.0,0.0007274745399150886
US,01519,2024-11-04,157.4695,79.14116282,966.86188,422.756291,1.0,0.0006953093138671297
US,01519,2024-11-05,157.4657,79.13743082,979.43625,428.244314,1.0,0.0005499229355980382
US,01519,2024-11-06,157.4621,79.13377082,940.04813,411.012913,1.0,0.0010916404645943372
US,01519,2024-11-07,157.4558,79.12747082,944.73375,413.045398,1.0,0.0009299879712274809
US,01519,2024-11-08,157.4454,79.11712082,990.33063,432.95262,1.0,0.0016269640141915863
US,01519,2024-11-11,157.4394,79.11112082,983.995,430.166719,1.0,0.0009736317592673753
US,01519,2024-11-12,157.4294,79.10115082,957.17,418.413447,1.0,0.000870253586687112
US,01519,2024-11-13,157.4294,79.10115082,960.31938,419.789835,1.0,0.0009618406727078933
US,01519,2024-11-14,157.4038,79.07554082,930.25563,406.582701,1.0,0.0010910918287868527
US,01519,2024-11-15,157.4038,79.07554082,928.68188,405.89473,1.0,0.0004777650857221999
US,01519,2024-11-18,157.4144,79.08614195,930.31813,406.637209,1.0,0.000361431609814604
US,01519,2024-11-19,157.4053,79.07704195,927.11688,405.214514,1.0,0.0004623224249755249
US,01519,2024-11-20,157.3949,79.06664195,930.20313,406.536946,1.0,0.0003814736055615525
US,01519,2024-11-21,157.3949,79.06664195,919.18563,401.721808,1.0,0.00038211581188462906
US,01519,2024-11-22,157.3949,79.06664195,898.725,392.779364,1.0,0.0007056686080679869
US,01519,2024-11-25,157.3841,79.05584195,898.6625,392.725713,1.0,0.0004342945062430068
US,01519,2024-11-26,157.3841,79.05584195,890.79375,389.28677,1.0,0.00042511028750680664
US,01519,2024-11-27,157.3773,79.04900195,920.65625,402.319923,1.0,0.0009182899948086542
US,01519,2024-11-28,157.3773,79.04900195,890.755,389.253089,1.0,0.0007643923234164012
US,01519,2024-11-29,157.3691,79.04082995,919.035,401.590663,1.0,0.0005009824673331677
US,01519,2024-12-02,157.3691,79.04082995,915.88688,400.215318,1.0,0.0003814853106486597
US,01519,2024-12-03,157.3625,79.03422995,911.12813,398.119127,1.0,0.0005245086980697433
US,01519,2024-12-04,157.3518,79.02352995,928.375,405.627759,1.0,0.0006213919383191041
US,01519,2024-12-05,157.3453,79.01702995,931.48375,406.969318,1.0,0.00039767314308085464
US,01519,2024-12-06,157.3387,79.01042995,964.485,421.370538,1.0,0.0016967507040543746
US,01519,2024-12-09,157.34,79.01167052,983.37375,429.625958,1.0,0.0008772721494851913
US,01519,2024-12-10,157.3335,79.00519052,947.14688,413.781819,1.0,0.0016187174377993246
US,01519,2024-12-11,157.3292,79.00087652,969.14688,423.381491,1.0,0.0006754372360629814
US,01519,2024-12-12,157.3254,78.99709652,975.41625,426.110332,1.0,0.0006767878549808232
US,01519,2024-12-13,157.3184,78.99012652,951.77563,415.764545,1.0,0.0005263001657784468
US,01519,2024-12-16,157.3082,78.97990652,942.27563,411.587973,1.0,0.00026931844620941566
US,01519,2024-12-17,157.3044,78.97609452,928.09563,405.384273,1.0,0.0005062354263453534
US,01519,2024-12-18,157.3005,78.97221452,953.24,416.357344,1.0,0.0003143876211455145
US,01519,2024-12-19,157.2942,78.96591452,950.05625,414.950088,1.0,0.00026452342171548606
US,01519,2024-12-20,157.2906,78.96230452,961.045,419.739902,1.0,0.0011298673283718162
US,01519,2024-12-23,157.2906,78.96230452,970.48188,423.861761,1.0,0.000370076533499141
US,01519,2024-12-24,157.2906,78.96230452,983.06563,429.357531,1.0,0.000553172408268517
US,01519,2024-12-27,157.2906,78.96230452,957.89875,418.365992,1.0,0.0007700699851103625
US,01519,2024-12-30,157.2804,78.95210452,960.98313,419.685681,1.0,0.0005532461768917171
US,01519,2024-12-31,157.2741,78.94580452,964.08938,421.025884,1.0,0.0005057158171625207
US,01519,2025-01-02,157.2616,78.93330452,921.5525,402.417753,1.0,0.0007335653458949929
US,01519,2025-01-03,157.2513,78.92300452,890.04188,388.632652,1.0,0.001087418673168362
US,01519,2025-01-06,157.2447,78.91639452,919.88125,401.645017,1.0,0.000496169346248236
US,01519,2025-01-07,157.2447,78.91639452,935.605,408.510709,1.0,0.0008380695819954504
US,01519,2025-01-08,157.2447,78.91639452,915.16313,399.585251,1.0,0.0005777492023578537
US,01519,2025-01-09,157.2447,78.91639452,1009.5107,440.779637,1.0,0.0038523524163294534
US,01519,2025-01-10,157.2447,78.91639452,1025.2344,447.645391,1.0,0.001803604318619324
US,01519,2025-01-13,157.2447,78.91639452,979.63375,427.734722,1.0,0.0012314564497245377
US,01519,2025-01-14,157.2447,78.91639452,1006.365,439.406464,1.0,0.0008710563853662476
US,01519,2025-01-15,157.2447,78.91639452,989.06875,431.854186,1.0,0.000626539400056091
US,01519,2025-01-16,157.2447,78.91639452,1006.365,439.406464,1.0,0.0007447096786091995
US,01519,2025-01-17,157.2447,78.91639452,995.35875,434.600476,1.0,0.0007013654514269797
US,01519,2025-01-20,157.2447,78.91639452,1003.2207,438.033353,1.0,0.0006726458825003323
US,01519,2025-01-21,157.2447,78.91639452,1006.365,439.406464,1.0,0.00038934857581845366
US,01519,2025-01-22,157.2447,78.91639452,962.3375,420.182444,1.0,0.0008803094794291954
US,01519,2025-01-23,157.2447,78.91639452,932.46063,407.137598,1.0,0.0011054711541947041
US,01519,2025-01-24,157.2447,78.91639452,954.47438,416.749567,1.0,0.000670499355463173
US,01519,2025-01-27,157.2447,78.91639452,982.77875,429.107895,1.0,0.0007118204937908877
US,01519,2025-01-28,157.2447,78.91639452,978.06125,427.048198,1.0,7.532209352684065e-05
US,01519,2025-02-03,157.2447,78.91639452,976.48938,426.361612,1.0,0.0007162245213988135
US,01519,2025-02-04,157.2447,78.91639452,1028.38,449.018502,1.0,0.0017878504013171827
US,01519,2025-02-05,157.2447,78.91639452,971.77188,424.301914,1.0,0.0009660929748347639
US,01519,2025-02-06,157.2447,78.91639452,1006.365,439.406464,1.0,0.0007290509632439122
US,01519,2025-02-07,157.2447,78.91639452,1001.6475,437.34676,1.0,0.0009825741662517083
US,01519,2025-02-10,157.2447,78.91639452,1003.2207,438.033353,1.0,0.0007206856574498218
US,01519,2025-02-11,157.2447,78.91639452,981.20688,428.421309,1.0,0.0007358434974278943
US,01519,2025-02-12,157.2447,78.91639452,1042.5319,455.197669,1.0,0.0030261224066693506
US,01519,2025-02-13,157.2447,78.91639452,1033.0975,451.078199,1.0,0.0016579973760641852
US,01519,2025-02-14,157.2447,78.91639452,1033.0975,451.078199,1.0,0.0012628255833105981
US,01519,2025-02-17,157.2447,78.91639452,1011.0825,441.46623,1.0,0.0013697690923764043
US,01519,2025-02-18,157.2447,78.91639452,1045.6763,456.57078,1.0,0.0009865769720696469
US,01519,2025-02-19,157.2447,78.91639452,1039.3863,453.824489,1.0,0.001052506062207502
US,01519,2025-02-20,157.2447,78.91639452,1004.7932,438.71994,1.0,0.0010595842022020456
US,01519,2025-02-21,157.2447,78.91639452,1040.9594,454.511076,1.0,0.0007209781951315371
US,01519,2025-02-24,157.2447,78.91639452,1036.2419,452.451378,1.0,0.0010476155953110025
US,01519,2025-02-25,157.2447,78.91639452,1036.2419,452.451378,1.0,0.000820530040122179
US,01519,2025-02-26,157.2447,78.91639452,1059.8288,462.74994,1.0,0.0016341990540857656
US,01519,2025-02-27,157.2447,78.91639452,1050.3938,458.630546,1.0,0.0012448114308463178
US,01519,2025-02-28,157.2447,78.91639452,1009.5107,440.779637,1.0,0.012515139270194799
US,01519,2025-03-03,157.2447,78.91639452,963.90938,420.869037,1.0,0.004728528529101458
US,01519,2025-03-04,157.2447,78.91639452,941.895,411.256993,1.0,0.002207323998837481
US,01519,2025-03-05,157.2447,78.91639452,937.17813,409.197296,1.0,0.002028850574931937
US,01519,2025-03-06,157.2447,78.91639452,1001.6475,437.34676,1.0,0.0071099369326915315
US,01519,2025-03-07,158.1204,78.91639452,937.65375,407.137598,1.0,0.003921821599237037
US,01519,2025-03-10,158.1074,78.90339452,956.54938,415.308031,1.0,0.0020216452866848736
US,01519,2025-03-11,158.1074,78.90339452,934.41438,405.697577,1.0,0.0017229531951066172
US,01519,2025-03-12,158.1074,78.90339452,943.90063,409.816361,1.0,0.0012410705001789921
US,01519,2025-03-13,158.1009,78.89689452,921.72688,400.172939,1.0,0.0023027825901054326
US,01519,2025-03-14,158.0809,78.87689452,937.41938,406.933814,1.0,0.00107398154995322
US,01519,2025-03-17,158.0679,78.85739452,942.08438,408.891369,1.0,0.0009867508203752944
US,01519,2025-03-18,158.0614,78.85739452,972.07625,421.926469,1.0,0.0016248103585062513
US,01519,2025-03-19,158.7634,79.55934625,955.75438,416.684155,1.0,0.0011061620625408628
US,01519,2025-03-20,158.757,79.55294625,939.84,409.729501,1.0,0.0008502782869416782
US,01519,2025-03-21,158.7531,79.54904625,917.59188,400.02032,1.0,0.001748907517396511
US,01519,2025-03-24,158.7398,79.53574625,895.29125,390.266027,1.0,0.002072308079007281
US,01519,2025-03-25,158.7262,79.52214625,879.3425,383.28084,1.0,0.0019426775793788297
US,01519,2025-03-26,158.7052,79.50114625,903.03188,393.554497,1.0,0.0009584367745984378
US,01519,2025-03-27,158.7052,79.50114625,917.315,399.77945,1.0,0.0007488668298203209
US,01519,2025-03-28,158.7052,79.50114625,903.03188,393.554497,1.0,0.0007941085106222103
US,01519,2025-03-31,158.6985,79.49444625,898.2325,391.446545,1.0,0.001146347318972769
US,01519,2025-04-01,158.6916,79.48754625,877.56375,382.42252,1.0,0.0017121889879489526
US,01519,2025-04-02,158.4098,79.47644625,874.42125,381.67772,1.0,0.0006741250225680483
US,01519,2025-04-03,158.4056,79.47224625,864.89375,377.509071,1.0,0.0010236835061386718
US,01519,2025-04-07,158.4056,79.47224625,741.3375,323.579225,1.0,0.004604169802077705
US,01519,2025-04-08,158.3893,79.45594625,763.43563,333.190544,1.0,0.0025908804445754856
US,01519,2025-04-09,158.3813,79.44794625,787.15438,343.524996,1.0,0.003457997692909453
US,01519,2025-04-10,158.3574,79.42404625,813.95625,355.168478,1.0,0.0019245958824784947
US,01519,2025-04-11,158.3574,79.42404625,840.8775,366.915301,1.0,0.0022608339742885395
US,01519,2025-04-14,158.3574,79.42404625,869.38063,379.353058,1.0,0.0016638313081674741
US,01519,2025-04-15,158.3574,79.42404625,886.8,386.953981,1.0,0.002883919538966919
US,01519,2025-04-16,158.3504,79.41708625,869.3425,379.319815,1.0,0.002260111752164819
US,01519,2025-04-17,158.3504,79.40308625,869.3425,379.252947,1.0,0.0010178295728965636
US,01519,2025-04-22,158.3294,79.39608625,881.89438,384.745474,1.0,0.0016261288806753516
US,01519,2025-04-23,158.3294,79.39608625,904.06,394.415945,1.0,0.0018907035585305067
US,01519,2025-04-24,158.3158,79.38253625,899.2331,392.276769,1.0,0.0008043078454582549
US,01519,2025-04-25,158.3052,79.37193625,930.83438,406.035091,1.0,0.002469640226600263
US,01519,2025-04-28,158.3052,79.37193625,951.41375,415.012064,1.0,0.00139056341800522
US,01519,2025-04-29,158.3052,79.37193625,948.24688,413.630958,1.0,0.0008788019597587444
US,01519,2025-04-30,158.2898,79.35653625,956.07,417.002727,1.0,0.000749061910495812
US,01519,2025-05-02,158.2768,79.34353625,971.81938,423.83733,1.0,0.0007345970477037696
US,01519,2025-05-06,158.2768,79.34353625,970.23625,423.147027,1.0,0.001164474957795457
US,01519,2025-05-07,158.2605,79.32723625,995.45813,434.102435,1.0,0.003067527462632811
US,01519,2025-05-08,158.2544,79.32113625,979.59438,427.168087,1.0,0.0009205496340070166
US,01519,2025-05-09,158.2419,79.30863625,987.42875,430.550711,1.0,0.001138145775549965
US,01519,2025-05-12,158.2357,79.30243625,1012.7082,441.555944,1.0,0.001296029467433708
US,01519,2025-05-13,158.2296,79.29633625,1011.0869,440.83215,1.0,0.001398247988998266
US,01519,2025-05-14,158.2235,79.29023625,1007.8832,439.418553,1.0,0.0007389998325153975
US,01519,2025-05-15,158.2651,79.33174869,987.57313,430.676183,1.0,0.000532270538482584
US,01519,2025-05-16,158.2651,79.32309869,987.57313,430.629224,1.0,0.0008897278679885838
US,01519,2025-05-19,158.2564,79.32309869,1014.4232,442.361118,1.0,0.0014898575981761241
US,01519,2025-05-20,158.2564,79.32309869,1003.3457,437.530362,1.0,0.0006198319941563184
US,01519,2025-05-21,158.2564,79.32309869,1004.9275,438.220486,1.0,0.0010505388091729623
US,01519,2025-05-22,158.2564,79.32309869,1016.005,443.051242,1.0,0.0024471355344870727
US,01519,2025-05-23,158.2564,79.32309869,1031.8307,449.95238,1.0,0.0039149310233267025
US,01519,2025-05-26,158.2444,79.31109869,1023.841,446.434264,1.0,0.0017260364979740197
US,01519,2025-05-27,158.2564,79.32309869,1052.4044,458.923767,1.0,0.0017813876089687365
US,01519,2025-05-28,158.2444,79.31109869,1091.8857,476.104505,1.0,0.00317378359044617
US,01519,2025-05-29,158.2444,79.31109869,1088.7207,474.724526,1.0,0.0029637549259247083
US,01519,2025-05-30,158.2274,79.29409869,1080.6925,471.173464,1.0,0.0024614024498917386
US,01519,2025-06-02,158.2274,79.29409869,1079.11,470.483584,1.0,0.0006534678570209711
US,01519,2025-06-03,158.2159,79.28259869,1090.1069,475.243709,1.0,0.0014736998620239812
US,01519,2025-06-04,158.2159,79.28259869,1088.525,474.553937,1.0,0.0014625727249916096
US,01519,2025-06-05,158.2069,79.27355869,1071.0594,466.913368,1.0,0.0008035159022773344
US,01519,2025-06-06,158.2069,79.27355869,1083.7157,472.430801,1.0,0.0008105028288905226
US,01519,2025-06-09,158.1977,79.26435869,1083.6538,472.375973,1.0,0.0006410590040183896
US,01519,2025-06-10,158.1977,79.26435869,1075.7438,468.92796,1.0,0.0016605979732954399
US,01519,2025-06-11,158.1977,79.26435869,1074.1619,468.238346,1.0,0.0006941877789626524
US,01519,2025-06-12,158.1862,79.25285869,1066.1744,464.722899,1.0,0.0006134684947233071
US,01519,2025-06-13,158.1747,79.24135869,1055.0244,459.829687,1.0,0.0013266469922180982
US,01519,2025-06-16,158.1747,79.24135869,1075.5869,468.791892,1.0,0.0016479159435737827
US,01519,2025-06-17,158.1747,79.24135869,1080.3325,470.860077,1.0,0.0009529147202428707
US,01519,2025-06-18,158.1747,79.24135869,1072.4238,467.413065,1.0,0.0004880142020184012
US,01519,2025-06-19,158.1747,79.24135869,1037.6257,452.246317,1.0,0.0009029889103630352
US,01519,2025-06-20,158.1747,79.24135869,1045.5344,455.693261,1.0,0.002555891176022461
US,01519,2025-06-23,158.1747,79.24135869,1053.4432,459.140274,1.0,0.0009067946390920924
US,01519,2025-06-24,158.1747,79.24135869,1074.005,468.102478,1.0,0.0012546947141356994
US,01519,2025-06-25,158.1747,79.24135869,1086.6594,473.61767,1.0,0.0009207085583219061
US,01519,2025-06-26,158.1747,79.24135869,1061.3519,462.587287,1.0,0.0005177439881346384
US,01519,2025-06-27,158.1747,79.24135869,1083.4957,472.238905,1.0,0.0015994989717066004
US,01519,2025-06-30,158.1747,79.24135869,1072.4238,467.413065,1.0,0.0013285850392003272
US,01519,2025-07-02,158.1845,79.25122817,1123.1094,489.534864,1.0,0.002700091412243298
US,01519,2025-07-03,158.1845,79.25122817,1153.1644,502.635064,1.0,0.0028773109881183047
US,01519,2025-07-04,158.1845,79.25122817,1216.4382,530.214464,1.0,0.006468184872727731
US,01519,2025-07-07,158.1845,79.25122817,1221.1838,532.28297,1.0,0.0022124135424140797
US,01519,2025-07-08,158.1845,79.25122817,1267.0575,552.278054,1.0,0.004774547632669445
US,01519,2025-07-09,158.1845,79.25122817,1327.1675,578.478517,1.0,0.0047146042121699655
US,01519,2025-07-10,158.1845,79.25122817,1428.405,622.60556,1.0,0.007960023832929269
US,01519,2025-07-11,158.1845,79.25122817,1415.7507,617.089681,1.0,0.004503686770827736
US,01519,2025-07-14,158.1845,79.25122817,1434.7325,625.363496,1.0,0.003822890106173487
US,01519,2025-07-15,158.1845,79.25122817,1474.2782,642.600638,1.0,0.005071182385126228
US,01519,2025-07-16,158.1845,79.25122817,1469.5325,640.532201,1.0,0.0025432323647386437
US,01519,2025-07-17,158.1845,79.25122817,1486.9325,648.116523,1.0,0.0022574453249212152
US,01519,2025-07-18,158.1845,79.25122817,1534.3882,668.801108,1.0,0.0025398676229339786
US,01519,2025-07-21,158.1845,79.25122817,1553.3713,677.074922,1.0,0.0029073756910443184
US,01519,2025-07-22,158.1845,79.25122817,1532.8063,668.111601,1.0,0.0032267673507834203
US,01519,2025-07-23,158.1845,79.25122817,1531.2244,667.422171,1.0,0.00181370450328572
US,01519,2025-07-24,158.1845,79.25122817,1556.5338,678.453928,1.0,0.0022257090928630807
US,01519,2025-07-25,158.1845,79.25122817,1607.1532,700.517456,1.0,0.003967565090132092
US,01519,2025-07-28,158.1845,79.25122817,1648.2807,718.444153,1.0,0.0036280470589722755
US,01519,2025-07-29,158.1845,79.25122817,1727.3744,752.918437,1.0,0.004923225726920146
US,01519,2025-07-30,158.1845,79.25122817,1686.2457,734.99174,1.0,0.005428868315163622
US,01519,2025-07-31,158.1845,79.25122817,1632.4625,711.549227,1.0,0.0029873709497453917
US,01519,2025-08-01,158.1845,79.25122817,1673.5913,729.475855,1.0,0.00335047700628064
US,01519,2025-08-04,158.1845,79.25122817,1667.2638,726.717912,1.0,0.0014192042203882173
US,01519,2025-08-05,158.1845,79.25122817,1627.7169,709.48077,1.0,0.003680205203417528
US,01519,2025-08-06,158.1845,79.25122817,1621.3894,706.722827,1.0,0.0023035661521830517
US,01519,2025-08-07,158.1845,79.25122817,1656.1913,721.891581,1.0,0.0025770160793250917
US,01519,2025-08-08,158.1845,79.25122817,1664.1,725.33901,1.0,0.001612464242703931
US,01519,2025-08-11,158.1845,79.25122817,1637.2094,713.617753,1.0,0.00171404910089168
US,01519,2025-08-12,158.1845,79.25122817,1627.7169,709.48077,1.0,0.0014132452926803826
US,01519,2025-08-13,158.1845,79.25122817,1656.1913,721.891581,1.0,0.0017443428401644912
US,01519,2025-08-14,158.1845,79.25122817,1676.7544,730.854895,1.0,0.002158071934987309
US,01519,2025-08-15,158.1845,79.25122817,1664.1,725.33901,1.0,0.001931984233600637
US,01519,2025-08-18,158.1845,79.25122817,1728.955,753.607923,1.0,0.005561173439875587
US,01519,2025-08-19,158.1845,79.25122817,1727.3744,752.918437,1.0,0.002118993959585168
US,01519,2025-08-20,158.1845,79.25122817,1728.955,753.607923,1.0,0.0017305488211550434
US,01519,2025-08-21,158.1845,79.25122817,1727.3744,752.918437,1.0,0.0015695785617427748
US,01519,2025-08-22,158.1845,79.25122817,1709.9732,745.334095,1.0,0.0014889461356833316
US,01519,2025-08-25,158.1845,79.25122817,1703.6457,742.576152,1.0,0.0030625781919214586
US,01519,2025-08-26,158.1845,79.25122817,1721.0457,750.160494,1.0,0.002546861102067522
US,01519,2025-08-27,158.1845,79.25122817,1700.4819,741.197111,1.0,0.0020708817235569853
US,01519,2025-08-28,158.1845,79.25122817,1657.7713,722.580998,1.0,0.003724596278396429
US,01519,2025-08-29,158.1845,79.25122817,1645.1182,717.065112,1.0,0.002014268148902073
US,01519,2025-09-01,158.1845,79.33755257,1596.0807,696.448907,1.0,0.010921680695643378
US,01519,2025-09-02,158.5888,79.33755257,1530.3807,666.078402,1.0,0.0045010112315623805
US,01519,2025-09-03,158.5888,79.33755257,1525.6232,664.007706,1.0,0.002773600657801812
US,01519,2025-09-04,158.5888,79.33755257,1516.1082,659.866327,1.0,0.0025150537112330756
US,01519,2025-09-05,158.5888,79.33755257,1560.5113,679.192934,1.0,0.004057985872898969
US,01519,2025-09-08,158.5888,79.33755257,1571.6132,684.02457,1.0,0.0033192590523416533
US,01519,2025-09-09,158.5888,79.33755257,1555.7544,677.122244,1.0,0.0018897344579188442
US,01519,2025-09-10,158.5888,79.33755257,1549.4113,674.361298,1.0,0.001316074716499526
US,01519,2025-09-11,158.5888,79.33755257,1536.7244,668.839342,1.0,0.0016101727864767247
US,01519,2025-09-12,158.5888,79.33755257,1528.7938,665.388214,1.0,0.001600859203171977
US,01519,2025-09-15,158.5888,79.33755257,1466.945,638.468954,1.0,0.0034595189572025264
US,01519,2025-09-16,158.5888,79.33755257,1463.7732,637.088453,1.0,0.0026228584237978974
US,01519,2025-09-17,158.5801,79.32885257,1431.9763,623.215385,1.0,0.0037961628855070722
US,01519,2025-09-18,89.04275,79.32885257,819.1925,634.948129,1.0,0.00551350896058354
US,01519,2025-09-19,89.04275,79.32885257,846.79563,656.343148,1.0,0.006286484862608129
US,01519,2025-09-22,89.04275,79.32885257,881.5225,683.259386,1.0,0.006755418043580191
US,01519,2025-09-23,89.04275,79.32885257,870.8375,674.977461,1.0,0.005829618245168753
US,01519,2025-09-24,89.04275,79.32885257,901.11188,698.44295,1.0,0.009665663515558538
US,01519,2025-09-25,89.04275,79.32885257,894.87875,693.611891,1.0,0.0034518109559733947
US,01519,2025-09-26,89.04275,79.32885257,880.63188,682.569274,1.0,0.0013368391025659024
US,01519,2025-09-29,89.04275,79.32885257,877.07,679.80863,1.0,0.001558845386064559
US,01519,2025-09-30,89.04275,79.32885257,870.8375,674.977461,1.0,0.002875260141898133
US,01519,2025-10-02,89.04275,79.32885257,869.94688,674.287348,1.0,0.0008181499335993105
US,01519,2025-10-03,89.04275,79.32885257,859.26188,666.005361,1.0,0.0007523127935738733
US,01519,2025-10-08,89.04275,79.32885257,850.3575,659.103785,1.0,0.0006255678311822131
US,01519,2025-10-09,89.04275,79.32885257,888.64563,688.780668,1.0,0.004290696435139301
US,01519,2025-10-10,89.04275,79.32885257,845.90563,655.652966,1.0,0.004028254630500518
US,01519,2025-10-13,89.04275,79.32885257,864.60438,670.146355,1.0,0.007067428510462671
US,01519,2025-10-14,89.04275,79.32885257,855.69938,663.244717,1.0,0.004143785541214753
US,01519,2025-10-15,89.04275,79.32885257,903.78313,700.513433,1.0,0.005934465860499592
US,01519,2025-10-16,89.04275,79.32885257,920.70125,713.626561,1.0,0.004024988446560782
US,01519,2025-10-17,89.04275,79.32885257,881.5225,683.259386,1.0,0.002569943762967788
US,01519,2025-10-20,89.04275,79.32885257,907.345,703.274077,1.0,0.001924353189900357
US,01519,2025-10-21,89.04275,79.32885257,925.15313,717.077366,1.0,0.0035275225664077084
US,01519,2025-10-22,89.04275,79.32885257,932.27688,722.598654,1.0,0.0012922272728548927
US,01519,2025-10-23,89.04275,79.32885257,918.03,711.556078,1.0,0.002157392151522724
US,01519,2025-10-24,89.04275,79.32885257,927.825,719.147849,1.0,0.0017440386780507116
US,01519,2025-10-27,89.04275,79.32885257,926.93375,718.457619,1.0,0.002426782191700054
US,01519,2025-10-28,89.04275,79.32885257,900.22125,697.752789,1.0,0.003324989513464038
US,01519,2025-10-30,89.0389,79.32500257,890.38813,690.127522,1.0,0.0019132438743066232
US,01519,2025-10-31,89.03502,79.32112257,887.67875,688.023506,1.0,0.0022269888859462266
US,01519,2025-11-03,89.03502,79.32112257,900.1425,697.684798,1.0,0.001836151774885882
US,01519,2025-11-04,89.03502,79.32112257,883.22625,684.573023,1.0,0.0013862454346615523
US,01519,2025-11-05,89.02722,79.31332257,883.14875,684.505706,1.0,0.0012608611164091161
US,01519,2025-11-06,89.02722,79.31332257,890.27125,690.025906,1.0,0.0019191921302271374
US,01519,2025-11-07,89.02722,79.31332257,882.25875,683.815666,1.0,0.001367458963674256
US,01519,2025-11-10,89.02722,79.31332257,890.27125,690.025906,1.0,0.0019242604677535702
US,01519,2025-11-11,89.02722,79.31332257,893.83313,692.78601,1.0,0.001519618381883653
US,01519,2025-11-12,89.02722,79.31332257,889.38125,689.335867,1.0,0.0013072748986208936
US,01519,2025-11-13,89.02492,79.31102257,890.24875,690.005896,1.0,0.002174473282312413
US,01519,2025-11-14,89.02112,79.30722257,881.30875,683.073087,1.0,0.0013426518336322887
US,01519,2025-11-17,89.02112,79.30722257,878.6375,681.003183,1.0,0.002217704517759381
US,01519,2025-11-18,89.01472,79.30082257,866.11188,671.289366,1.0,0.0015556589966243786
US,01519,2025-11-19,89.00832,79.29442257,848.24813,657.437973,1.0,0.004953009449004318
US,01519,2025-11-20,88.99582,79.28192257,847.24,656.64463,1.0,0.001405980303344584
US,01519,2025-11-21,88.99172,79.27782257,833.85125,646.264875,1.0,0.0024537724408518007
US,01519,2025-11-24,88.98671,79.27281257,845.37313,655.189796,1.0,0.002031493466833418
US,01519,2025-11-25,88.98671,79.27281257,837.36438,648.982728,1.0,0.0029539999849415716
US,01519,2025-11-26,88.97925,79.26535257,836.40375,648.232033,1.0,0.0016025226106086532
US,01519,2025-11-27,88.97925,79.26535257,854.2,662.024252,1.0,0.0015074525802364035
US,01519,2025-11-28,88.97925,79.26535257,852.42063,660.645008,1.0,0.0014600482696808526
US,01519,2025-12-01,88.97925,79.26535257,854.2,662.024252,1.0,0.00157760747590028
US,01519,2025-12-02,88.97925,79.26535257,916.48625,710.296893,1.0,0.007364642880222074
US,01519,2025-12-03,88.97925,79.26535257,928.9425,719.951344,1.0,0.004693822098972514
US,01519,2025-12-04,88.97925,79.26535257,934.28125,724.088996,1.0,0.0027504989084533756
US,01519,2025-12-05,88.97925,79.26535257,951.1875,737.191559,1.0,0.003345788034850822
US,01519,2025-12-08,88.97925,79.26535257,932.50188,722.709779,1.0,0.002392478358718465
US,01519,2025-12-09,88.97925,79.26535257,930.72188,721.33063,1.0,0.0018072831587139697
US,01519,2025-12-10,88.97925,79.26535257,904.02875,700.642304,1.0,0.0016597321285580628
US,01519,2025-12-11,88.97925,79.26535257,896.91,695.125436,1.0,0.0017126396322738166
US,01519,2025-12-12,88.97925,79.26535257,944.06938,731.67469,1.0,0.004180817437773414
US,01519,2025-12-15,88.97925,79.26535257,961.865,745.46693,1.0,0.0031204456095100825
US,01519,2025-12-16,88.97925,79.26535257,939.62063,728.226716,1.0,0.0021609015585094277
US,01519,2025-12-17,88.97925,79.26535257,933.39188,723.399387,1.0,0.0010753967919486847
US,01519,2025-12-18,88.97925,79.26535257,928.0525,719.261805,1.0,0.0007266912229536662
US,01519,2025-12-19,88.97925,79.26535257,934.28125,724.088996,1.0,0.0014921934046420934
US,01519,2025-12-22,88.97925,79.26535257,916.48625,710.296893,1.0,0.0026796991433395987
US,01519,2025-12-23,88.97925,79.26535257,942.28938,730.295542,1.0,0.002785396595273617
US,01519,2025-12-24,88.97925,79.26535257,943.17875,730.98515,1.0,0.001385357147874364
US,01519,2025-12-29,88.97925,79.26535257,917.37563,710.986502,1.0,0.0037926922288061544
US,01519,2025-12-30,88.97925,79.26535257,913.81625,708.228068,1.0,0.0022933886271237396
US,01519,2025-12-31,88.97925,79.26535257,929.8325,720.640953,1.0,0.0012148573965278422
US,01519,2026-01-02,88.97925,79.26535257,926.27313,717.882519,1.0,0.0004374952587260513
US,01519,2026-01-05,88.97925,79.26535257,978.77125,758.569424,1.0,0.005110308639373787
US,01519,2026-01-06,88.97925,79.26535257,996.5675,772.361595,1.0,0.004324176029804702
US,01519,2026-01-07,88.97925,79.26535257,1030.3794,798.566721,1.0,0.0044449732943354775
US,01519,2026-01-08,88.97925,79.26535257,1054.4032,817.186221,1.0,0.005203083752672674
US,01519,2026-01-09,88.97925,79.26535257,1067.75,827.530281,1.0,0.00515421696631518
US,01519,2026-01-12,88.97925,79.26535257,1057.9632,819.944656,1.0,0.0033086660092100126
US,01519,2026-01-13,88.97925,79.26535257,1050.8438,814.427787,1.0,0.0018761506755788568
US,01519,2026-01-14,88.97925,79.26535257,1044.6157,809.600458,1.0,0.0030492142831053306
US,01519,2026-01-15,88.97925,79.26535257,1052.6238,815.806935,1.0,0.004661221689326444
US,01519,2026-01-16,88.97925,79.26535257,1014.3625,786.153767,1.0,0.0026796264297574996
US,01519,2026-01-19,88.97925,79.26535257,1007.2444,780.636898,1.0,0.002450166752360803
US,01519,2026-01-20,88.97925,79.26535257,1007.2444,780.636898,1.0,0.0021990485422163034
US,01519,2026-01-21,88.97925,79.26535257,1001.9057,776.499316,1.0,0.0015624702388478213
US,01519,2026-01-22,88.97925,79.26535257,989.44813,766.844727,1.0,0.0021115691579778433
US,01519,2026-01-23,88.97925,79.26535257,957.41563,742.018887,1.0,0.005590815161961918
US,01519,2026-01-26,88.97925,79.26535257,950.29813,736.502019,1.0,0.004666639581700228
US,01519,2026-01-27,88.97925,79.26535257,931.6125,722.020239,1.0,0.006026705102594144
US,01519,2026-01-28,88.97925,79.26535257,936.95063,726.157821,1.0,0.004034931402546099
US,01519,2026-01-29,88.97925,79.26535257,901.35875,698.573548,1.0,0.00713626896158374
US,01519,2026-01-30,88.97925,79.26535257,904.91813,701.331982,1.0,0.0035144192606703247
US,01519,2026-02-02,88.97925,79.26535257,926.27313,717.882519,1.0,0.005453887395094924
US,01519,2026-02-03,88.97925,79.26535257,952.07688,737.881167,1.0,0.005806670094432129
US,01519,2026-02-04,88.97925,79.26535257,944.06938,731.67469,1.0,0.0034976760312095236
US,01519,2026-02-05,88.97925,79.26535257,952.07688,737.881167,1.0,0.0016910964073084454
US,01519,2026-02-06,88.97925,79.26535257,944.06938,731.67469,1.0,0.0015230906082035981
US,01519,2026-02-09,88.97925,79.26535257,966.31375,748.914904,1.0,0.0038866860532090347
US,01519,2026-02-10,88.97925,79.26535257,979.66125,759.259102,1.0,0.0038962068122624094
US,01519,2026-02-11,88.97925,79.26535257,991.22813,768.224013,1.0,0.004137600732755108
US,01519,2026-02-12,88.97925,79.26535257,982.33063,761.327858,1.0,0.0015469138029372016
US,01519,2026-02-13,88.97925,79.26535257,952.96688,738.570845,1.0,0.003289011426821422
US,01519,2026-02-16,88.97925,79.26535257,957.41563,742.018887,1.0,0.000289910288072781
US,01519,2026-02-20,88.97925,79.26535257,952.07688,737.881167,1.0,0.0009357393999162726
US,01519,2026-02-23,88.97925,79.26535257,941.39938,729.605864,1.0,0.0006634600763661191
US,01519,2026-02-24,88.97925,79.26535257,920.935,713.744936,1.0,0.0026365896543295206
US,01519,2026-02-25,88.97925,79.26535257,917.37563,710.986502,1.0,0.002034709328298452
US,01519,2026-02-26,88.97925,79.26535257,898.68938,696.504722,1.0,0.004263431305613388
US,01519,2026-02-27,88.96369,79.24979257,913.65625,708.089041,1.0,0.0034496680612056446
US,01519,2026-03-02,88.94099,79.22709257,902.75,699.614841,1.0,0.0033684772341751536
US,01519,2026-03-03,88.94099,79.22709257,867.17375,672.043813,1.0,0.004592675098399512
US,01519,2026-03-04,88.94099,79.22709257,864.50563,669.976006,1.0,0.0030721139937839683
US,01519,2026-03-05,88.94099,79.22709257,859.16875,665.840324,1.0,0.0022287714584692613
US,01519,2026-03-06,88.94099,79.22709257,876.0675,678.936597,1.0,0.0019152443659554497
US,01519,2026-03-09,88.94099,79.22709257,859.16875,665.840324,1.0,0.003230774809230255
US,01519,2026-03-10,88.94099,79.22709257,876.9575,679.625825,1.0,0.0021315654345650976
US,01519,2026-03-11,88.94099,79.22709257,875.17813,678.247308,1.0,0.0024244164585979985
US,01519,2026-03-12,88.94099,79.22709257,875.17813,678.247308,1.0,0.00133594184188865
US,01519,2026-03-13,88.94099,79.22709257,849.38563,658.258312,1.0,0.0014804568737091864
US,01519,2026-03-16,88.94099,79.22709257,837.82313,649.297721,1.0,0.0031749518416649062
US,01519,2026-03-17,88.94099,79.22709257,853.8325,661.704705,1.0,0.0020021364727332135
US,01519,2026-03-18,88.94099,79.22709257,864.50563,669.976006,1.0,0.001338011528767557
US,01519,2026-03-19,88.94099,79.22709257,862.72688,668.597427,1.0,0.0023571358942597784
US,01519,2026-03-20,88.94099,79.22709257,844.04875,654.122631,1.0,0.0031318297671298688
US,01519,2026-03-23,88.94099,79.22709257,812.91938,629.998022,1.0,0.004711454752190188
US,01519,2026-03-24,88.94099,79.22709257,838.7125,649.987018,1.0,0.0035626003263512134
US,01519,2026-03-25,88.94099,79.22709257,850.27438,658.947609,1.0,0.0020439450921335596
US,01519,2026-03-26,88.94099,79.22709257,807.58313,625.86234,1.0,0.0037931600491516904
US,01519,2026-03-27,88.94099,79.22709257,826.26063,640.33713,1.0,0.0031668255547863816
US,01519,2026-03-30,88.94099,79.22709257,807.58313,625.86234,1.0,0.004856126517143558
US,01519,2026-03-31,88.94099,79.22709257,899.19188,696.857738,1.0,0.014270299554794702
US,01519,2026-04-01,88.94099,79.22709257,898.30313,696.168531,1.0,0.005053163451407501
US,01519,2026-04-02,88.94099,79.22709257,915.20188,709.264701,1.0,0.0043993656917918275
US,01519,2026-04-08,88.94099,79.22709257,947.22063,734.078626,1.0,0.004811928673157337
US,01519,2026-04-09,88.94099,79.22709257,962.34,745.796313,1.0,0.003147246393367108
US,01519,2026-04-10,88.94099,79.22709257,986.35438,764.406826,1.0,0.004654672609333447
US,01519,2026-04-13,88.94099,79.22709257,967.67688,749.932036,1.0,0.0037026803951698763
US,01519,2026-04-14,88.94099,79.22709257,924.09625,716.157527,1.0,0.004767535081406222
US,01519,2026-04-15,88.93883,79.22493057,941.86125,729.923122,1.0,0.0037723203689547075
US,01519,2026-04-16,88.93883,79.22493057,940.0825,728.544539,1.0,0.0033980413279554047
US,01519,2026-04-17,88.93883,79.22493057,933.85688,723.719741,1.0,0.001744698462977307
US,01519,2026-04-20,88.92843,79.21453457,930.19063,720.868176,1.0,0.0022474633815080286
US,01519,2026-04-21,88.91353,79.19963457,933.59125,723.488662,1.0,0.001482824717453013
US,01519,2026-04-22,88.89863,79.18473457,920.10063,713.019011,1.0,0.002170114545072292
US,01519,2026-04-23,88.87623,79.16233457,924.3125,716.260803,1.0,0.0014774989893248172
US,01519,2026-04-24,88.86123,79.14733457,922.37875,714.747988,1.0,0.0009888770389516327
US,01519,2026-04-27,88.84613,79.13223457,907.11875,702.907969,1.0,0.002001704970154581
US,01519,2026-04-28,88.82343,79.10953457,912.21563,706.835849,1.0,0.0018609286986552985
US,01519,2026-04-29,88.80059,79.08669457,896.885,694.934854,1.0,0.002339768913697533
US,01519,2026-04-30,88.77339,79.05949457,869.97813,674.061264,1.0,0.0026496866910230643
US,01519,2026-05-04,88.74952,79.03562457,875.95688,678.670998,1.0,0.001485043412065778
US,01519,2026-05-05,88.72984,79.01594457,874.87563,677.814555,1.0,0.0007431327499294488
US,01519,2026-05-06,88.71468,79.00078257,858.75688,665.313018,1.0,0.003774819680350535
US,01519,2026-05-07,88.69852,78.98462257,876.34063,686.723916,1.0,0.004405058506049481
US,01519,2026-05-08,88.69852,78.98462257,858.60063,672.822637,1.0,0.0017694367391924916
US,01519,2026-05-11,88.69852,78.98462257,849.73125,665.871962,1.0,0.0020942047285569137
US,01519,2026-05-12,88.69852,78.98462257,842.635,660.311445,1.0,0.0030432537093065364
US,01519,2026-05-13,88.69852,78.98462257,835.53938,654.750934,1.0,0.0018536397225117171
US,01519,2026-05-14,88.69852,78.98462257,829.33,649.885502,1.0,0.0017192530382694096
US,01519,2026-05-15,88.69852,78.98462257,819.57375,642.239749,1.0,0.0021367614702026594
US,01519,2026-05-18,88.69852,78.98462257,808.0425,633.203901,1.0,0.004468216155128631
US,01519,2026-05-19,88.69852,78.98462257,807.15563,632.508885,1.0,0.0026240189802490504
US,01519,2026-05-20,88.69852,78.98462257,782.32,613.047026,1.0,0.004704326182669113
US,01519,2026-05-21,89.13097,79.41706542,754.04688,591.244176,1.0,0.00475136857592821
US,01519,2026-05-22,89.13097,79.41706542,770.09063,603.82386,1.0,0.005391784583966718
US,01519,2026-05-26,89.13097,79.41706542,820.895,643.659439,1.0,0.005822403817662929
US,01519,2026-05-27,89.13097,79.41706542,796.83,624.789909,1.0,0.0036662114189938695
US,01519,2026-05-29,89.13097,79.41706542,804.85188,631.079755,1.0,0.005781222733243002
US,01519,2026-06-01,89.13097,79.41706542,800.395,627.58539,1.0,0.0030182972315907705
US,01519,2026-06-02,89.13097,79.41706542,812.87375,637.369593,1.0,0.0040605723240754584
US,01519,2026-06-03,89.13097,79.41706542,796.83,624.789909,1.0,0.002217430933378151
US,01519,2026-06-04,89.13097,79.41706542,828.02563,649.250393,1.0,0.003577820481477987
US,01519,2026-06-05,89.13097,79.41706542,803.96,630.380933,1.0,0.011483821953244759
US,01519,2026-06-08,89.13097,79.41706542,783.46063,614.306884,1.0,0.007723701537187355
US,01519,2026-06-09,89.13097,79.41706542,767.41625,601.7272,1.0,0.00299751522955489
